{
  "GET /api/products" : {
    "transaction" : "GET /api/products",
    "sampleCount" : 30,
    "errorCount" : 0,
    "errorPct" : 0.0,
    "meanResTime" : 4.8999999999999995,
    "medianResTime" : 2.0,
    "minResTime" : 1.0,
    "maxResTime" : 25.0,
    "pct1ResTime" : 15.700000000000006,
    "pct2ResTime" : 24.45,
    "pct3ResTime" : 25.0,
    "throughput" : 0.5670541536716757,
    "receivedKBytesPerSec" : 0.46073149985823647,
    "sentKBytesPerSec" : 0.07143553303090446
  },
  "Total" : {
    "transaction" : "Total",
    "sampleCount" : 90,
    "errorCount" : 0,
    "errorPct" : 0.0,
    "meanResTime" : 4.477777777777776,
    "medianResTime" : 2.0,
    "minResTime" : 1.0,
    "maxResTime" : 72.0,
    "pct1ResTime" : 11.900000000000006,
    "pct2ResTime" : 19.0,
    "pct3ResTime" : 72.0,
    "throughput" : 1.6076596048729948,
    "receivedKBytesPerSec" : 0.7374022007073703,
    "sentKBytesPerSec" : 0.2001550163445393
  },
  "GET /api/products/1" : {
    "transaction" : "GET /api/products/1",
    "sampleCount" : 28,
    "errorCount" : 0,
    "errorPct" : 0.0,
    "meanResTime" : 2.2857142857142856,
    "medianResTime" : 2.0,
    "minResTime" : 1.0,
    "maxResTime" : 4.0,
    "pct1ResTime" : 4.0,
    "pct2ResTime" : 4.0,
    "pct3ResTime" : 4.0,
    "throughput" : 0.5728900255754475,
    "receivedKBytesPerSec" : 0.16112531969309463,
    "sentKBytesPerSec" : 0.07328964194373401
  },
  "GET /health" : {
    "transaction" : "GET /health",
    "sampleCount" : 32,
    "errorCount" : 0,
    "errorPct" : 0.0,
    "meanResTime" : 5.999999999999999,
    "medianResTime" : 2.0,
    "minResTime" : 1.0,
    "maxResTime" : 72.0,
    "pct1ResTime" : 17.199999999999996,
    "pct2ResTime" : 37.54999999999988,
    "pct3ResTime" : 72.0,
    "throughput" : 0.5716123039548426,
    "receivedKBytesPerSec" : 0.1613241756278804,
    "sentKBytesPerSec" : 0.06866046229145083
  }
}