{
  "GET /api/products" : {
    "transaction" : "GET /api/products",
    "sampleCount" : 1596,
    "errorCount" : 0,
    "errorPct" : 0.0,
    "meanResTime" : 1.3803258145363424,
    "medianResTime" : 1.0,
    "minResTime" : 0.0,
    "maxResTime" : 36.0,
    "pct1ResTime" : 2.0,
    "pct2ResTime" : 3.0,
    "pct3ResTime" : 4.029999999999973,
    "throughput" : 18.949468085106385,
    "receivedKBytesPerSec" : 10.196442299700797,
    "sentKBytesPerSec" : 2.3871888505651593
  },
  "Total" : {
    "transaction" : "Total",
    "sampleCount" : 3235,
    "errorCount" : 0,
    "errorPct" : 0.0,
    "meanResTime" : 1.3768160741885642,
    "medianResTime" : 1.0,
    "minResTime" : 0.0,
    "maxResTime" : 174.0,
    "pct1ResTime" : 2.0,
    "pct2ResTime" : 3.0,
    "pct3ResTime" : 5.0,
    "throughput" : 37.43952966229197,
    "receivedKBytesPerSec" : 15.292392798966507,
    "sentKBytesPerSec" : 4.605359165596139
  },
  "GET /health" : {
    "transaction" : "GET /health",
    "sampleCount" : 1639,
    "errorCount" : 0,
    "errorPct" : 0.0,
    "meanResTime" : 1.3733984136668682,
    "medianResTime" : 1.0,
    "minResTime" : 0.0,
    "maxResTime" : 174.0,
    "pct1ResTime" : 2.0,
    "pct2ResTime" : 3.0,
    "pct3ResTime" : 5.0,
    "throughput" : 19.05991255000465,
    "receivedKBytesPerSec" : 5.379213600538422,
    "sentKBytesPerSec" : 2.289423089502512
  }
}