{
  "GET /api/products" : {
    "transaction" : "GET /api/products",
    "sampleCount" : 708,
    "errorCount" : 0,
    "errorPct" : 0.0,
    "meanResTime" : 1.6440677966101707,
    "medianResTime" : 1.0,
    "minResTime" : 0.0,
    "maxResTime" : 63.0,
    "pct1ResTime" : 2.0,
    "pct2ResTime" : 3.0,
    "pct3ResTime" : 6.909999999999968,
    "throughput" : 2.990609991509709,
    "receivedKBytesPerSec" : 1.620899626332152,
    "sentKBytesPerSec" : 0.37674676650854727
  },
  "Total" : {
    "transaction" : "Total",
    "sampleCount" : 2074,
    "errorCount" : 0,
    "errorPct" : 0.0,
    "meanResTime" : 18.15188042430091,
    "medianResTime" : 2.0,
    "minResTime" : 0.0,
    "maxResTime" : 93.0,
    "pct1ResTime" : 53.0,
    "pct2ResTime" : 53.0,
    "pct3ResTime" : 55.0,
    "throughput" : 8.758002128270528,
    "receivedKBytesPerSec" : 3.4146326054528484,
    "sentKBytesPerSec" : 1.3397032772832458
  },
  "GET /api/products/1" : {
    "transaction" : "GET /api/products/1",
    "sampleCount" : 692,
    "errorCount" : 0,
    "errorPct" : 0.0,
    "meanResTime" : 1.437861271676301,
    "medianResTime" : 1.0,
    "minResTime" : 0.0,
    "maxResTime" : 26.0,
    "pct1ResTime" : 2.0,
    "pct2ResTime" : 3.0,
    "pct3ResTime" : 7.0,
    "throughput" : 2.9605164646641824,
    "receivedKBytesPerSec" : 0.8326536115520037,
    "sentKBytesPerSec" : 0.37873794616309364
  },
  "POST /api/orders" : {
    "transaction" : "POST /api/orders",
    "sampleCount" : 674,
    "errorCount" : 0,
    "errorPct" : 0.0,
    "meanResTime" : 52.65281899109791,
    "medianResTime" : 52.0,
    "minResTime" : 50.0,
    "maxResTime" : 93.0,
    "pct1ResTime" : 54.0,
    "pct2ResTime" : 54.0,
    "pct3ResTime" : 67.5,
    "throughput" : 2.9212392295556597,
    "receivedKBytesPerSec" : 0.9980133189438464,
    "sentKBytesPerSec" : 0.6047878092439452
  }
}