{
  "GET /api/products" : {
    "transaction" : "GET /api/products",
    "sampleCount" : 14439,
    "errorCount" : 0,
    "errorPct" : 0.0,
    "meanResTime" : 9.358473578502664,
    "medianResTime" : 1.0,
    "minResTime" : 0.0,
    "maxResTime" : 1405.0,
    "pct1ResTime" : 2.0,
    "pct2ResTime" : 5.0,
    "pct3ResTime" : 504.2000000000007,
    "throughput" : 69.07984441605787,
    "receivedKBytesPerSec" : 37.28002896865835,
    "sentKBytesPerSec" : 8.70244133756979
  },
  "Total" : {
    "transaction" : "Total",
    "sampleCount" : 28792,
    "errorCount" : 0,
    "errorPct" : 0.0,
    "meanResTime" : 37.531883856626685,
    "medianResTime" : 50.0,
    "minResTime" : 0.0,
    "maxResTime" : 1405.0,
    "pct1ResTime" : 53.0,
    "pct2ResTime" : 58.0,
    "pct3ResTime" : 669.9900000000016,
    "throughput" : 137.7139823313611,
    "receivedKBytesPerSec" : 60.82631991643987,
    "sentKBytesPerSec" : 22.91324534338813
  },
  "POST /api/orders" : {
    "transaction" : "POST /api/orders",
    "sampleCount" : 14353,
    "errorCount" : 0,
    "errorPct" : 0.0,
    "meanResTime" : 65.8741029749879,
    "medianResTime" : 52.0,
    "minResTime" : 50.0,
    "maxResTime" : 1331.0,
    "pct1ResTime" : 54.0,
    "pct2ResTime" : 58.29999999999927,
    "pct3ResTime" : 856.4599999999991,
    "throughput" : 69.00381244501281,
    "receivedKBytesPerSec" : 23.676510224612148,
    "sentKBytesPerSec" : 14.28594554525656
  }
}